{
  "step": 100000,
  "train_loss": 1.869778720429386e-07,
  "train_acc": 1.0,
  "val_loss": 0.121979870183771,
  "val_acc": 0.978307560137457
}
